funding,
"CONICET (National Research Council, Argentina)",Government
Conseil Regional Provence-Alpes-Cote d’Azur,Government
Coordenação de Aperfeiçoamento de Pessoal de Nível Superior,Government
CNPq,Government
CNPq,Government
CNPq,Government
FACEPE,Government
Ministry of Education,Government
National Council of Scientific and Technical Research—Argentina,Government
(PPBio) - Bioma Campos Sulinos of CNPq,Government
STINAPA Bonaire National Parks Foundation,NGO
UNISINOS,University
DFG-funded Sonderforschungsbereich 754 “Climate-Biogeochemistry Interactions in the Tropical Ocean”,Government
3M Foundation,NGO
A.L.,
A.L.V. A.Y.O.,
A.W. Mellon Foundation,NGO
Aarhus University Contemporary Ethnography,University
AAS,NGO
Academia Brasileira de Cieˆncias,Government
Academy of Finland,Government
AcquaSed Project,NGO
Administracion Nacional de Puertos of Uruguay,Government
AENTA,
Agence National pour la Recherche,Government
Agencia Nacional de Promoción Científica y Tecnológica,Government
Agencia Nacional de Promoción Científica y Tecnológica,Government
Agencia Nacional de Promoción Científica y Tecnológica,Government
Agencia Nacional de Promoción Científica y Tecnológica,Government
Agencia Nacional de Promoción Científica y Tecnológica,Government
Agencia Nacional de Promoción Científica y Tecnológica,Government
Agencia Nacional de Promoción Científica y Tecnológica,Government
Agencia Nacional de Promoción Científica y Tecnológica,Government
Agencia Nacional de Promoción Científica y Tecnológica,Government
Agricultural Experimental Station of New Mexico State University,University
AGRISUS,NGO
Alexander von Humboldt Fellowship,Government
Alfred Wcgner Institute,NGO
ALMA Radio Observatory,Intergovernmental organization
American Association of Geographers Mountain Specialty Group,NGO
American Chemical Society,NGO
American Chemical Society Petroleum Research Fund.,NGO
ANA,
ANCYPT,Government
ANCYPT (Argentina),Government
and Fisheries of the Netherlands.,
Andrew W. Mellon foundation,NGO
ANICyT-PICT,Government
ANII,
Anne Ray Charitable Trust,NGO
ANPCyT,Government
ANPCyT and UNL,Government
ANPCyT PICT,Government
ANPCyT PICT,Government
ANPCyT PICT,Government
ANR ELPASO,NGO
ANTARES,
Ao Conselho Nacional de Desenvolvimento Científico e Tecnológico,Government
Aracruz and Veracel forest companies,NGO
Araucária,NGO
Araucaria Foundation,NGO
Araucária Foundation,NGO
ARCS Foundation Fellowship,NGO
Argentine Agencia Nacional de Promocion Cientifica y Tecnologica,Government
Argentine Agencia Nacional de Promocion Argentine Agencia Nacional de Promocion,Government
Arizona Department of Water Resources,Government
ASCR,Government
Asociación Bogotana de Ornitología and BirdLife International,NGO
Atomic Energy Agency , Government
ATS,
ATUPS,
Australian Research Council,Government
Australian Research Council Centre of Excellence in Coral Reef Studies,Government
Autonomous University of Chapingo AOL-USAID Mexico-USA,University
AWQC,
Banco do Nordeste,NGO
BBVA,NGO
Becas Chile Scholarship,Government
Becas de Formacion de Profesorado Universitario,Government
Belgian Science Policy,Government
Belgian Science Policy.,Government
Bill & Melinda Gates Foundation,NGO
BIODISEINE Seine Aval project,
BIOTA/FAPESP Program of the Fundacao de Amparo a Pesquisa do Estado de Sao Paulo,Government
Blue Amazon Program from CAPES,Government
BMBF,Government
BNB,NGO
BOEMRE,Government
Botanical Society of America,NGO
BP/The Gulf of Mexico Research Initiative,NGO
BQU,
Brazil Eucalyptus Productivity Project,Government
Brazilian Agency of Agricultural Research,Government
Brazilian Agency of Water ,Government
Brazilian Agricultural Research Corporation,Government
Brazilian government agencies,Government
Brazilian Ministry of Environment,Government
Brazilian Ministry of Science and Technology (MCT),Government
Brazilian Ministry of the Environment,Government
Brazilian National Council of Scientific and Technological Development,Government
Brazilian National Water Agency (ANA),Government
Brazilian Nuclear Energy Commission (CNEN),Government
Bra­zilian Research Coun­cil (CNPq),Government
Bristol Carbonates Consortium,University
British Geomorphological Research Group,NGO
Bundes Ministerium fur Forschung und Technologie,Government
by Autonomus University of State of Mexico,NGO
by Consejo Nacional de Ciencia y Tecnologia,Government
CABI Europe,Intergovernmental organization
California Sea Grant,University
Canada Research Chair Program,Government
Canfornav Inc.,Industry
CAPES,Government
Capes,Government
CAPES ,Government
CAPES - Brazil,Government
CAPES – “Fundação Coordenação de Aperfeiçoamento de Pessoal de Nível Superior”,Government
CAPES and CNPq,Government
CAPES foundation,Government
CAPES-COFECUB,Government
CAPES/PNPD.,Government
CAPES/WBI,Government
"Caracas, Venezuela",
Caribbean Coral Reef Ecosystem Program (CCRE),NGO
Carolina Foundation of Spain,NGO
CASAN,NGO
CATEC,NGO
CATIE,NGO
CAZA,NGO
CCRD,
CEAZA and Agropolis international,NGO
CEC,
Celulosa Arauco & Constitución S.A.,Industry
Cemig/Aneel,Government
CENPAS,Industry
CENPES – PETROBRAS,Industry
"CENPES/Petrobras,",Industry
CenSeam,University
"Center for Agroecology and Sustainable Food Systems, UC Santa Cruz",University
Center for Disease Control and Prevention,Government
Center for Ecosystem Research in Patagonia,NGO
Center for Latin American Studies,University
Center of Biocatalysis and Bioprocessing of The University of Iowa.,University
Center of Biocatalysis,
"Central Arizona Project, CAP",Government
Central Research Fund (University of London),University
Centre for Cooperation and Development (CCD) of the Universitat Polite`cnica de Catalunya (UPC),University
Centro de Ecologia Aplicada,NGO
"Centro de Excelencia en Geotermia de los Andes, CEGA",Industry
CEQUA,Government
CESAN,
Cetacean Society International,NGO
CFE,Government
CGIAR Challenge Program on Water and Food,Intergovernmental organization
Challenge Program for Water and Food,Intergovernmental organization
Chemistry Department of the Autonomous University of Chihuahua,University
Chevron Overseas Petroleum Inc.,Industry
Chilean Agriculture and Livestock Service,Government
Chilean Ministry of Planning,Government
China Scholarship Council,Government
Chinese Academy of Sciences,Government
Chinese Academy of Sciences Key Project,Government
Chrisar Software Inc.,Industry
CICEET,Government
CICESE,Government
CICITEM,NGO
CICS,Industry
CIDERH,University
CIGEO,
CILA,Government
Cinvestav,NGO
CIRM,Government
CISC - CONICET Agreement,Government
CIUNPAT-UNPSJB-PROPEVA,University
CNES,Government
CNPq,Government
CNPQ,Government
CNPq ,Government
CNPq - Brazil,Government
CNPq National Council for Scientific and Technologic Development,Government
CNPq-Brazil,Government
CNPq-CT-Hidro-CT Agro to ACDB,Government
CNPq-INCT-TM Oceano project,Government
"CNPq, Brazil, Process",Government
CNPq/MCT Taim Hydrological System,Government
CNR/CONICET,Government
CNRS,Government
CNRS (Centre National de la Recherche Scientifique—France),Government
CNRS-PROOF projects (BIOSOPE and UVECO),Government
COANCYT,Government
Coastal Plant Ecology Lab at University of Louisiana at Lafayette,University
Coastal Protection & Restoration Authority/Louisiana SeaGrant Coastal Science Assistantship Program,NGO
COFAA ,University
COFECUB,University
COGERH,Industry
COL-CIENCIAS,Government
Colciencias,Government
COLCIENCIAS,Government
COLFUTURO,NGO
Collaborative Research Fund of the State Key Laboratory of Water Resources,University
"Colombia’s Administrative Department of Science, Technology, and Innovation",Government
Comision Nacional del Medio Ambiente to Universidad Austral de Chile,Government
Comision Chilena de Energia Nuclear,Government
Comision de investigaciones cientificas de la provincia de Buenos Aires,Government
Comisión Federal de Electricidad,Government
Comisión Nacional de Ciencia y Tecnología de Chile,Government
Comision Nacional de Investigacion Cientifica y Tecnologica ,Government
Comisión Sectorial de Investigación Científica,Government
Comissionat per Universitats i Recerca,Government
Companhia Paranaense de Energia (Copel),Industry
CONICET,Government
CONABIO,Government
CONACYT,Government
CONACyT,Government
Conacyt,Government
CONACYT (Mexican Council for Science and Technology),Government
CONACYT- SEMARNAT,Government
CONACYT-Mexico,Government
CONACYT-SEMARNAT,Government
CONACyT-UNAM,Government
CONAMA,University
CONDES of La Unversidad de Zulia,University
CONDES of the University of Zulia,University
CONICET,Government
CONICET (National Council of Scientific and Technological Research),Government
CONICET PIP,Government
CONICET PIP,Government
CONICET-Argentina,Government
"CONICET,",Government
"CONICET, Argentina",Government
CONICYT,Government
Conicyt,Government
CONICyT,Government
CONICYT Chile Grant,Government
CONICYT Chile project,Government
CONICYT FONDAP CRHIAM,Government
CONICyT-Chile,Government
CONICYT,Government
CONICYT/FONDAP,Government
Conoco-Phillips Latinoamerica,Industry
Consejo Nacional de Ciencia y Tecnologia,Government
Consejo Nacional de Ciencia y Tecnología,Government
Consejo Nacional de Ciencia y Tecnología (Project 980607),Government
Consejo Nacional de Investigaciones Centificas y Tecnica,Government
Consejo Nacional de Investigaciones Cientificas y Tecnicas,Government
Consejo Nacional de Investigaciones Científicas y Técnicas,Government
Consejo Nacional de Investigaciones Cientificas y Tecnicas (CONICET),Government
Consejo Nacional de Investigaciones Cientificas y Tecnicas of Argentina,Government
"Consejo Nacional de Investigaciones Científicas y Técnicas (CONICET, Argentina),", Government
Conselho NAcional de Desenvimento Cientifico e Tecnologico,Government
Conselho Nacional de Desenvolvimento Científico e Tecnológico,Government
Conselho Nacional de Desenvolvimento Científico e Tecnalógico,Government
Conselho Nacional de Desenvolvimento Cientifico e Tecnologico,Government
Conselho Nacional de Desenvolvimento Cientifico e Tecnologico,Government
Conselho Nacional de Desenvolvimento Científico e Tecnológico,Government
Conselho Nacional de desenvolvimento Cientifico e Tecnologico (CNPq),Government
Conselho Nacional de Desenvolvimento Cientifico e Tecnológico (CNPq),Government
Conselho Nacional de Desenvolvimento Científico e Tecnológico (CNPq),Government
Conselho Nacional de Desenvolvimento Cientffico e Tecnologico,Government
Conselho National de Desenvolvimento Cientffico,Government
Conservation International Primate Action Fund,NGO
Conservation Leadership Programme,NGO
Consórcio Pesquisa Cafê ,NGO
Consultative Group on International Agricultural Research (CGIAR),Intergovernmental organization
Convention on Biological Diversity,Intergovernmental organization
Cooperative Institute for Coastal and Estuarine Environmental Technology (CICEET),Government
Cooperative Research Center for Water Quality and Treatment,Government
Cooperative Research Centre for Catchment Hydrology,NGO
Coordenação de Aperfeiçoamento de Pessoal de Nível Superior,Government
Coordenação de Aperfeiçoamento de Pessoal de Nível Superior (CAPES),Government
Coordenacão de Aperfeicoamento Pessoal de Nivel Superior,Government
Coordination for the Improvement of Higher Education Personnel,Government
Coordination for the Improvement of Higher Level - or Education - Personnel - CAPES,Government
Coordination of Improvement of Higher Education Personnel,Government
COPAS,NGO
Copener Florestal Ltd.,Industry
Corporacion Autonoma Regional de Sucre (CARSUCRE),Government
Corumbá Concessões S/A,Industry
COSA Project,Government
Costa Rican Soil Science Association,NGO
COSUDE,Government
Council for Research and Scientific Development,NGO
Crown Research Institute,Government
CSIC,Government
"CSIRO Wealth from Oceans Flagship,",Government
CTFS,Industry
CTHIDRO,Government
CUAHSI Pathfinder Fellowship,Government
CUD-PIC,
Czech Center for Science and Society,Government
Czech Republic,Government
Danish Research Agency,Government
Dartmouth College,University
Darwin Initiative Indesol,NGO
David and Lucile Packard Foundation,NGO
DEAL,NGO
Department of Fisheries and Oceans.,Government
Department of Geography and of Soil Science of Reading,Government
DEPI/IPN,University
DER from the Committee for Research and Exploration of the National Geographic Society,NGO
Desert Landscape Conservation Cooperative via the U.S. Bureau of Reclamation,Government
Deutsche Bundesministerium für Bildung und Forschung (BMBF),Government
Deutsche Forschungsgemeinschaft,Government
Deutsche Forschungsgemeinschaft ,Government
Deutsche Forschungsgemeinschaft (DFG),Government
Deutsche Forschungsgemeinschaft Germany,Government
Development,
DFG,Government
DFG (German Research Foundation),Government
DFG-Research Center/Excellence Cluster,Government
DGAPA,University
DGAPA-UNAM,University
"DIB-UN proyect ‘Estratigrafía, sedimentología y palinología de fase final de la Cuenca Cretácica Colombiana y la conformación de la Cuenca Paleógena’",Intergovernmental organization
DIDUFRO,University
Direccion de Estudios de Posgrado e Investigacion,University
Dow Chemical Company ,Industry
Dow Chemical Company Foundation,NGO
Earl and Ethel Meyers Oceanographic Trust Fund,NGO
EAWAG,Government
EC2CO,Government
EC2CO FIZCAMO,Government
Ecology Center at University of Louisiana at Lafayette,University
ECOS,Government
Dirección General de Aguas de Chile,
ECOS-CONICYT,Government
EDF,NGO
EDI,Industry
Posgrado en Ciencias Biologicas,University
Eletrosul- Centrais Elétricas SA,Government
Embrapa,Government
Empresa Brasileira de Pesquisa Agropecuaria,Government
Environmental Studies Group (GEA),Industry
EPA STAR,Government
EPA-EPSCoR,Government
EPSRC,EPSRC
ESCARSEL ANR,NGO
ETH,University
ETH Research Grant,University
EU REFORLAN Project,Intergovernmental organization
EU-project CENSOR,Intergovernmental organization
European Comission,Government
European Commission,Government
"European Commission, Environment and Climate Programme",Intergovernmental organization
European Community’s Seventh Framework Programme,Intergovernmental organization
European Union (EU),Intergovernmental organization
European Union Department for International Development,Intergovernmental organization
European Union,Intergovernmental organization
Evandro Chagas Institute,NGO
"Evandro Chagas Institute,",NGO
EXA,
Excellent Creative Talents Support Program of Hohai University,University
ExxonMobil,Industry
FACEPE,Government
FACITEC,NGO
"Facultad de Ciencias, Universidad Nacional Autónoma de México",University
Faculty Development Funds,Government
Faculty of National Science and Museum,University
FAPEMIG,Government
FAPEAM,Government
FAPEMIG,Government
FAPEMIG ,Government
FAPEMIG.,Government
FAPEPI,Government
FAPERGS,Government
FAPERJ,Government
Faperj,Government
FAPES,Government
FAPESB,Government
FAPESC,Government
FAPESO,Government
FAPESP,Government
FAPESP foundation,Government
FAPESP Sao Paulo Research Foundation,Government
"FAPESP, SP, Brazil",Government
Federal Technological University of Parana,University
Federal University of Pará,University
Federal University of Rio de Janeiro,University
"Federal University of Santa Catarina,",University
Federal University of Santa Maria,University
Feevale University,University
FEMSA,Industry
FINEP,Government
Finep,Government
FINNIDA,Government
Finnish Academy,Government
Finnish Funding Agency for Technology and Innovation Tekes,Government
FIU Graduate School,University
"Flemish Government, Department Sciences and Innovation/Foreign Policy",Government
Flemish inter-university council-university development cooperation program,NGO
"FNDR Project,",Government
FNMA,Government
FOMIX- Hidalgo,Government
FOMIX-Coahuila,Government
FONCyT,Government
FONCYT,Government
FONcyt,Government
FONCYT-ANPCyT,Government
FOND-ECYT,Government
FONDAP,Government
FONDAP-COPAS CENTER,Government
FONDECYT,Government
Fondecyt,Government
FONDECYT,Government
FONDECYT,Government
Fondo Mixto CONACYT-Gobierno del estado de Campeche,Government
Fondo para la Investigacion Cientifica y Tecnologica-Convocatoria,Government
Fondo Sectorial SEMARNAT-CONACYT,Government
Fonds pour la Formation à la Recherche dans l’Industrie et dans l'Agriculture,Government
Food and Agriculture Organization,Intergovernmental organization
Forest and Wildlife Research Center,University
FORMAS,Government
Fort Hays State University,University
Fortum Foundation,NGO
Foundation Supporting Research in Saõ Paulo State,Government
"French Direction de l’Environnement,",Government
"French Direction del’ Environnement, de l’Aménagement et du Logement de Martinique",Government
French Hydrological Research National Programme (PNRH),Government
French INSU national programme,Government
French IRD,Government
French National Agency for Research,Government
FRST,Government
Fulbright Commission,NGO
Fulbright Fellowship,NGO
Fulbright Foundation,NGO
Fulbright Hays Faculty Fellowship,NGO
Fullbright,NGO
Funação de Amparo à Pesquisa do Estado de Minas Gerais,Government
FUNASA,Government
FUNCA,NGO
FUNCAP,Government
Funcap,Government
Fundacao de Amparo a Pesquisa do Estado de Sao Paulo,Government
Fundacao de Amparo a Pesquisa de Estado de Sao Paulo,Government
Fundacaçaão,Government
Fundacao Araucaria,Government
Fundacao Araucaria (Brazil),Government
Fundacao Botanica Margaret Mee,NGO
Fundação de Amparo à Ciência e Tecnologia do Estado de Pernambuco,Government
Fundação de Amparo à Pesquisa do Estado da Bahia,Government
Fundação de Amparo à Pesquisa do Estado de Minas Gerais (FAPEMIG),Government
Fundação de Amparo a Pesquisa do Estado de São Paulo,Government
Fundação de Amparo à Pesquisa do Estado de São Paulo,Government
Fundação de Apoio à Pesquisa,Government
Fundacao o Boticario de Protecao de Natureza,NGO
Fundacao Vitoria Amazonica,NGO
Fundacion Andes (Chile),NGO
Fundacion Antorchas,NGO
Fundación BBVA,NGO
Fundacion Natura-Colombia,NGO
Fundación Proyecto Primates,NGO
Fundamental Research Funds for the Central UNiversities,Government
Fundamental Research Funds for the Central Universities,Government
FURNAS,Government
Furnas Centrais Eletricas and the Programa de Pos-graduacao em Ecologia de Ambientes Aquaticos Continentais,Government
Geological Society of America,NGO
Geological Society of America Graduate Student Research Grant,NGO
Geology Foundation of the University of Texas at Austin,University
GEOMA Network,Industry
German Academic Exchange Services,Government
German Ministry of Education and Research,Government
German Ministry of Education and Science,Government
German Ministry of Research,Government
German Research Foundation,Government
German Research Society,Government
Gordon and Betty Moore Foundation,NGO
Gordon and Betty Moore Foundation’s Andes-Amazon Initiative,NGO
Government of Nayarit,Government
Government of the Cayman Islands,Government
"governments of the Netherlands,",Government
governments of the Switzerland,Government
Graduate Fellowship from the Center for Applied Mathematics at the University of Notre Dame.,University
Graduate Program in Geology and Geochemistry of the Universidade Federal do Para;.,University
Graduate program in Remote Sensing at INPE (Brazil),University
Graduate Program in Remote Sensing of the National Institute for Space Research,University
"Grant from the Aysén Regional Government, Chile ",Government
greenhouse gases,
Grumman,Industry
GSA,University
GSA Graduate Student Research Grant&#10;,University
Guangdong Natural Science Foundation,Government
"Gulf of Mexico OCS region,",
Gulf of Mexico Research Institute to the Ecosystem Impacts of Oil & Gas Inputs to the Gulf consortium,NGO
Harte Research Institute,NGO
"Hellenic Ministry for the Environment,",Government
Helsinki University Centre for Environment,University
Hewlett Foundation and MacArthur Founda-,NGO
Higher Education Personnel Improvement Coordination Foundation (CAPES)&#10;,Government
Humboldt University,University
HYBAM Research Facility,NGO
hydropower,
"Hydropower Engineering Science of the Wuhan University,",University
Hydrosciences Library,
IAEA,Intergovernmental organization
IAI,Intergovernmental organization
IAS ,Intergovernmental organization
Ictiologia e Aquicultura,
Idea Wild,NGO
IDRC,Government
IEC/FIDESA/MPE-PA,NGO
IFAW,NGO
IFPRI,NGO
IFS,Industry
IIASA,Intergovernmental organization
"INCAPER, IFES",Government
INCLINE,University
INCO/DEV,Government
INCT en Matematica,Government
INCT-TA,Government
INCT-TMCOcean project,Government
INCTSal,Government
INGEIS,Government
INIA,Government
INIFAP-Experimental Site La Campana,Government
Innovation Program of Shanghai Municipal Education Commission,Government
Inovação Tecnológica do Estado de Sergipe,Government
INPA,Government
INPE,Government
Institute for Global Change,Intergovernmental organization
Institute for Public Health and Water Research (IPWR),NGO
Institute for Research and Development,Government
Institute of Applied Mathematics San Luis (IMASL),University
Institute of Ecology A.C.,Government
Institute of Ecology and Biodiversity,Government
Institute of Geosciences of Sao Paulo,University
Institute of Hydrology of Wallingford,Government
"Institute of Marine Affairs, Trinidad and Tobago",Government
Instituto Ambiental do Parana,Government
Instituto Boliviano de Ciencia y Tecnología Nuclear (IBTEN),Government
Instituto Colombiano -(COLCIENCIAS),Government
"Instituto de Ciencias,",Government
Instituto de Pesquisas Hidraulicas,Government
Instituto de Química de San Luis,Government
Instituto Nacional de Ciência e Tecnologia em Áreas Úmidas (INAU),Government
Instituto Tecnologico de Costa Rica,Government
INSU Paleo2-PASCAL,
INTA,Government
Integrated Marine Biogeochemistry and Ecosystem Research,NGO
Inter-American Foundation’s International Dissertation Fieldwork Fellowship Program,Intergovernmental organization
Inter-American Institute for Global Change Research,Intergovernmental organization
InterAmerican Foundation,Intergovernmental organization
InterAmerican Institute for Global Change,Intergovernmental organization
Interdisciplinary Research Initiative,NGO
Interministerial Commission for Marine Resources,Government
Internation Boundary and Water Commission,Intergovernmental organization
International Atomic Energy Agency Technical Cooperation Project,Intergovernmental organization
"International bureau of research Center Julich, Germany,",NGO
International Center for Tropical Agriculture,NGO
International Copper Association,Intergovernmental organization
International Development Research Center,Government
International Development Research Center ,Government
International Development Research Centre,Government
International Development Research Centre of Canada,Government
International Development Research Centre’s EcoHealth grant program administrated by FioCruz – Brazil,Government
International Foundation for Science IFS,NGO
International Office of the BMBF,Government
International Tropical Timber Organization project,Intergovernmental organization
INTERREG IV-TSUNAHOULE,Intergovernmental organization
IOC-DANIDA,Intergovernmental organization
IPEF,Government
IRD,Government
Istituto Nazionale di Geofisica e Vulcanologia Palermo,Government
"Italian Ministry for Education, University and Research",Government
Italian Ministry of Foreign Affairs,Government
ITES,
Japan International Cooperation Agency,Government
Japan National Space Development Agency,Government
"JC Engineers, Caracas, Venezuela",Industry
Jean Picker Fellowships,University
JSPS KAKENHI,Government
KAAD,Government
Kansas Academy of Science Undergraduate Research Grant,Government
Keith Campbell Foundation,NGO
Knowledge Innovation Program of Chinese Academy of Science,Government
Laboratory of Environmental Biogeochemistry,University
LACEEP,Intergovernmental organization 
Lavoisier fellowship of the French Foreign Affairs Ministry,Government
LBA program Grant,NGO
Lewis and Clark Fund for Exploration and Field Re- search Grant,NGO
Li-Cor LEEF Program,Industry
life cycle assessment,
"Local (authorities of the districts of Vicente Lopez, San Vicente and La Rioja)",Government
Local (Autoridad Interjurisdiccional de Cuencas de los Rios Limay),Government
LOICZ,University
Long-term Ecological Research Program of Brazil,Government
Long-Term Ecological Research Program–PELD–Site 12,Government
Louisiana Barrier Island Comprehensive Monitoring Program,Government
Louisiana Department of Natural Resources,Government
Louisiana Sea Grant Program,Government
LTRMP,Government
LUMCON,University
Lyon­dell Inc.,Industry
Mabel Myers Scholarship,University
MACA,Government
MacArthur Foundation,NGO
MAPLU Project,
Mar del Plata National University,Non-governmental organization
MARBOBA,Government
Marine Geology Program,University
Marine Resources Division of the Alabama Department of Conservation and Natural Resources,Government
Maryland Sea Grant,University
Maurice Hill Research Fund,NGO
Max Planck Graduate Center (MPGC),NGO
Max Planck Society,NGO
McGill University,University
McGill University.,University
McKnight Foundation,NGO
MCP,Government
MCT,Government
"MCT/CNPq,",Government
MECESUP (PUC 1203),Government
MECESUP 0804,Government
Mellon Foundation,NGO
Mexican Council for Science and Technology,Government
Mexican Council of Science and Technology,Government
Mexican National Council of Science and Technology,Government
Mexico-US foundation for science,Intergovernmental organization
Minas Gerais state agency Fapemig,Government
MINCyT,Government
"MinCyT, Cordoba",Government
"Minerals Management Service,",Government
Ministerio da Ciencia e Tecnologia (MCT/Brasil),Government
Ministerio de Ciencia e Innovación,Government
Ministerio de Educación y Ciencia,Government
"Ministerio de Educación y Cultura, Spain",Government
Ministry for Science and Technology of Brazil,Government
"Ministry of Agriculture, Nature Management and Fisheries of the Netherlands",Government
Ministry of Education,Government
Ministry of Environment and Energy in Costa Rica.,Government
Ministry of Foreign Affairs of the Netherlands,Government
"Ministry of Science and Innovation, New Zealand",Government
Minnesota State legislature,Government
MISD,
Mississippi Agricultural and Forestry Experiment Station of Mississippi State University,University
Mississippi-Alabama Sea Grant Consortium,Government
MIUR,Government
MMA/FAO,Intergovernmental organization
MoAm Monitoreos Ambientales S.A.S.,Industry
Mohamed Bin Zayed Species Conservation Fund,NGO
Montana Board of Research and Commercialization Technology,Government
Mote Marine Laboratory’s Protect Our Reefs specialty license plate,NGO
Mote Postdoctoral Fellowship,NGO
Municipality of Florianópolis,Government
Municipality of Turin,Government
Museum für Naturkunde in Chemnitz,NGO
"Nacional de Desarrollo Científico y Tecnológico,",Government
NAPq,University
NASA,Government
NASA Earth and Space Science Graduate Fellowship,Government
NASA Earth Surface and Interior focus area,Government
NASA Land-Cover/Land-Use Change Program,Government
NASA LBA,Government
NASA Terrestrial Ecology grant,Government
National & Kapodistrian University of Athens,University
National Academy of Sciences through Sigma Xi,Government
National Aeronautics and Space Administration,Government
National Aeronautics and Space Administration (NASA),Government
National Agency for Promotion of Science and Technology,Government
National Agency for Science and Technology Promotion,Government
National Basic Research Program of China,Government
National Basic Research Program of China,Government
National Centre for Groundwater Research and Training,Government
National Council for Scientific and Technological,Government
National Council for Scientific and Technological Development,Government
National Council for Scientific and Technological Development in Brazil,Government
National Council for Scientific and Technological Development-CNPq,Government
National Council for Scientific and&#10;Technological Development,Government
National Council of Science and Technology,Government
National Council of Technological and Scientific Development (CNPq),Government
National Council Research and Technology,Government
"National Environment and Water scholarship provided by PUB, Singapore’s national water agency",Government
National Fisheries Service,Government
National Geographic Society,NGO
"National Geographic Society,",NGO
National Institute for Agricultural Technology (INTA) of Argentina., Government
National Institute for Research in the Amazon,Government
National Institute of Allergy and Infectious Diseases,Government
National Institute of Science and Technology for Climate Change (INCT-MC),Government
National Institute of Science and Technology in Irrigation Engineering,Government
National Natural Science Foundation of China,Government
National Nature Sciences Foundation,Government
National Oceanic and Atmospheric Administration,Government
National Oceanic and Atmospheric Administration (U.S),Government
National Oceanic and Atmospheric Administration Coastal Ocean Program,Government
National Oceanic and Atmospheric Administration,Government
National Park Service,Government
National Research Agency,Government
National Research Council,Government
"National Research Council, Argentina",Government
"National Research Program, Water Resources, U.S. Geological Survey",Government
National Science and Engineering Research Council of Canada,Government
National Science Foundation,Government
National Science Foundation ,Government
National Science Foundation Grant,Government
National Science Foundation of Shanghai,Government
National Science Foundation Office of the International Decade of Ocean Exploration,Government
National Science Foundation Research Experience for Undergraduates Program at the Dauphin Island Sea Lab,Government
National Science Foundation through the Florida Coastal Everglades Long Term Ecological Research program,Government
National Science Fundation Biocomplexity Grant,Government
"National ScienceFoundation Graduate Fellowship,",Government
National Sciences Foundation (NSF),Government
National Scientific and Technical Research Council,Government
National Scientific and Technical Research Council (CONICET),Government
National Sea Grant College Program of the US Department of Commerce’s National Oceanic and Atmospheric,Government
National University of Colombia,University
National University of Mexico,University
National University of San Luis (UNSL),University
National University of the Center of the Buenos Aires Province,University
Natural Enviornment Research Council,Government
Natural Environmental Research Council,Government
Natural Science and Engineering Research Council of Canada,Government
Natural Sciences and Engineering Research Council of Canada,Government
Nature Conservancy,NGO
Nazca SA.,
NDFL,
NEMESIS,
NERC,Government
NERC Advanced Research Fellowship,Government
Netherlands foundation for the advancement of tropical research,Government
Netherlands Foundation for the Advancement of Tropical Research (WOTRO),Government
Netherlands Ministry of Economic Affairs,Government
Netherlands Organisation for Scientific Research,Government
Netherlands Organization for Scientific Research,Government
New York Consortium in Evolutionary Primatology,NGO
New York University,University
New Zealand Foundation for Research Science and Technology,Government
NFWF,Government
NGS,Government
Nils Hôrjel Foundation,NGO
"NIPR under MEXT, Japan",Government
NIWA,Government
NOAA,Government
NOAA Climate Program Office,Government
NOAA Coastal Ocean Programs,Government
NOAA CoastWatch Program.,Government
NOAA Deepwater Horizon Supplemental Funding,Government
NOAA National Marine Fisheries Service,Government
NOAA-Coral Reef Conservation Program,Government
NOAA-CSCOR,Government
NOAA/NESDIS,Government
Northern Gulf of Mexico Ecosystem Change and Hazard Susceptibility Project.,Government
Northwest Florida Water Management District through Surface Water Improvement Program.,Government
NRCS,Government
NRDA for the Deepwater Horizon oil spill,Government
NSERC,Government
NSERC Discovery Grant,Government
NSERC Strategic Research Grant,Government
NSERCC,Government
NSF,Government
"NSF Dynamics of Coupled Natural and Human Systems (CNH) program,",Government
NSF Ecosystem Program,Government
NSF Graduate Research Fellowship,Government
NSF IRES Program,Government
NSF Long-term Ecological Research (LTER) program,Government
NSF Northern Gulf Coastal Hazards Collaboratory,Government
NSF Ocean Acidification Grant,Government
NSF-Ocean Sciences Division-Biological Oceanography,Government
NSF-Singapore,Government
"NSF-Supported Research Coordination Network, Colorado River Delta&#10;",Government
NSFC Grants,Government
Nuclear Technology Development Center (CDTN),Government
Nucleo de Pesquisas em Limnologia,NGO
O.R.S.T.O.M.,Government
OAR,
Ocean Biology Processing Group,Government
ODEBRECHET,Industry
Office of Biological and Environmental Research of the U.S. Department of Energy Grant,Government
Office of Naval Research,Government
Office of Sea Grant Programs of the National Oceanic and Atmospheric Administration,Government
"Ohio State University’s Climate, Water and Carbon Program",University
Omara Ethnobotanical Park-University of Magallanes,University
ONGAWA,NGO
ORFOIS,
Other language,
Oxford University,University
PADCT,Government
PADI,NGO
PADI Project AWARE Foundation,NGO
Pantanal Research Center (CPP)/Ministry of Science and Technology (MCT),Government
PAPIIT,University
PAPIIT-DGAPA,University
"PARI,",NGO
Paris–IdF region SESAME,Government
PCI-AECID,Government
PDT,
PEDECIBA,Government
Peixe-Vivo Program of Companhia Energética de Minas Gerais,Industry
PELD,
PELD/CNPq,Government
Percy Sladen Trust,NGO
Pesquisa & Desenvolvimento/Agência Nacional de Energia Elétrica/Companhia Energética de Minas Gerais - P&D ANEEL/CEMIG (GT-487),Government
PETRO/CNPq,Government
Petrobras,Industry
PETROBRAS,Industry
Petroflex S.A.,Industry
Petroleum Research Fund,NGO
PhD fellowship (JFOC),
Physical Planning and Public Works,Government
PIBIC-UFF scholarship,Government
PIO Project-CONICET-UNJU,Government
PIP CONICET,Government
PNICP-Peru,Government
POLCAMAR Project,Government
Pontifi cia Universidad Católica de Valparaíso,University
Pontificia Universidad Católica de Chile,University
Potsdam Graduate School of Earth Surface Processes,University
PQI-CAPES/BRAZIL,Government
Priority Academic Program Development of Jiangsu Higher Education Institutions,Government
Pro Reitoria de Pesquisa,University
PROCAD,Industry
PRODEAGRO,Government
Produce Tamaulipas Foundation of Mexico,NGO
PROEX/Capes,Government
Program for Monitoring of the Ecosystem of North of Todos os Santos Bay,NGO
Program National d’Environnement Côtier,Government
Programa de Desarrollo Científico y Tecnológico SENA–COLCIENCIAS,Government
Programa de Desarrollo de las Ciencias Basicas,Government
Programa de Desarrollo Tecnologico,Government
Programa de PosGraduacao em Ecologia,Government
"Programa de Recursos Humanos ANP/FINEP/MCT; CTPETRO, PRH-05 of Universidade Estadual Paulista (UNESP)",University
Programa para el Desarrollo Profesional Docente PRODEP,Government
Projeto de Apoio ao Desenvolvimento de Tecnologia Agropecuaria para o Brasil,Government
PROMEP,Government
PROMEP,Government
PROMOS,
Pronex,Industry
Pronex Probabilidade e Processos Estocasticos,Industry
PROPESQ/UFJF,University
PROPP-UESC,University
PROPPi/UFF,University
PTES,NGO
"Public Prosecution of the State of Paraná,",Government
Puerto Rico Department of Natural and Environmental Resources,Government
R/V Sonne cruises,University
R&D-Program Geotechnology,Industry
Ramsar Convention,Intergovernmental organization
Ramsar Small Grants,Intergovernmental organization
REDE,
REGEP,Government
Region of Provence Alpes Cote d’Azur,Government
Research Fund for the Doctoral Program of Higher Education of China,Government
Resource Ecology Group at Wageningen University,University
RICET,NGO
Rio Grande Basin Initiative,Government
Robert Bosch Foundation,NGO
Royal Society Overseas Field Research Fund,Government
RTD programme of the EU,Intergovernmental organization
Rufford Small Grant for Nature Conservation,NGO
Rufford Small Grants,NGO
Russell E. Train Education for Nature,NGO
Russian Foundation for Basic Research,Government
SABESP,Industry
SACODE,NGO
Santa Cruz Active Management Area,Government
Santander Bank (Brazil),Industry
Sao Paulo Research Foundation,Government
São Paulo Research Foundation,Government
São Paulo Research Foundation (FAPESP),Government
SARH,NGO
Science and Technology Planning project of Guangdong Province,Government
Science Foundation of Nanjing Institute of Geography and Limnology,Government
Scientific Research Commission of the Buenos Aires Province,Government
SCOR,NGO
secretaria de ciencia y tecnica,Government
Secretaría de Ciencia y Técnica (SECyT),Government
Secretaría de Ciencia y Técnica Universidad de Buenos Aires.,University
Secretaria de Educacion Publica,Government
Secretaría de Educación Pública,Government
Secretaria General de Ciencia y Tecnica,Government
SECyT-UNC,Government
SECyT-UNRC,Government
SEMARNAT-CONACYT,Government
SEP-CONACYT,Government
SEP-CONACyT,Government
SEP-DGEST,Government
SEPM,NGO
SER,
SEREMI Agricultura de Valparaíso,Government
Seventh Framework Programme,Intergovernmental organization
SGCYT,University
Shanghai Universities First-class Disciplines Project,University
Shell Research Unlimited,Industry
Si-WEBS,Industry
SIDA,Government
Sigma Xi Grants-In-Aid of Research,NGO
Sigma-Xi Graduate Research Award,NGO
Singapore Ministry of Education,Government
SISBIOTA,University
Sixth Framework Programme for Research and Technological Development,Intergovernmental organization
Smith College faculty development grants,NGO
Smith Summer Science Internship Program,NGO
Smithsonian Institute,NGO
Smithsonian Institution's Caribbean Coral Reef Ecosystems program,NGO
Smithsonian Tropical Research Institute,NGO
Smithsonian Tropical Research Institute.,NGO
SNI and COFAA-IPN Fellowships,Government
SNI-ANII,Government
SNPG Research Fellowship,Government
Social Sciences and Humanities Research Council of Canada,Government
Sociedad Quimica y Minera de Chile,Industry
Society of Wetland Scientists,NGO
Sonoran Institute,NGO
SOPRAN,Government
South Atlantic Climate Change Consortium,Government
Southern Right Whale Monitoring Program,NGO
Southwest Florida Water Management District,Government
Spanish Ministry of Economy and Competitiveness,Government
State of Brandenburg,Government
State of São Paulo Research Foundation,Government
State Scholarships Foundation (IKY) of Greek Ministry of Education and Religious Affairs,Government
STC Program of the National Science Foundation,Government
STIR refinery of Bizerte-Tunisia.,Industry
Stockholm University,University
Stroud Water Research Center,NGO
Sub-Antarctic Biocultural Conservation Program,NGO
Sul-FAPERGS,Government
Summer Research Grant,Government
Support Foundation of the State of Minas Gerais Research (FAPEMIG),Government
Sustainability of semi-Arid Hydrology and Riparian Areas,Government
Sustaining Mountain and Water Livelihoods (SMWL) projects,NGO
Swedish Agency for Research Cooperation with Developing Countries (SAREC),Government
Swedish Council for Forestry and Agricultural Research,Government
Swedish International De- velopment Authority (SIDA),Government
Swedish international development agency,Government
Swedish International Development Co-operation AgencyrDepartment for Research Co-operation,Government
Swedish Natural Science Research Council,Government
Swedish Research Council for Engineering Sciences,Government
Swedmar (Swedish Centre for Coastal Development and Management of Aquatic Resources),Government
Swiss National Foundation,Government
Swiss National Science Foundation,Government
"Swiss National Science Foundation,",Government
SWITCH project,NGO
Synthetic Based Muds Research Group,Government
TAMU from MMS,University
Technologic Development),
"Technological development, Brazil",Government
Technological University of Panama (UTP),University
Teresa Lozano Long Institute of Latin American Studies,University
Texas General Land Office Oil Spill Prevention and Response Division,Government
Texas Institute of Oceanography Fellowship,University
the American Geophysical Union.,NGO
the coordination for the improvement of Higher Edu-&#10;cation Personnel,Government
The Council for Human and Scientific Development at the University of Zulia,University
the Fondo para el Sistema de Investigacion Justo Sierra,NGO
the Instituto de Protec ¸a ~o Ambiental do Amazonas,University
The Mellon Foundation,NGO
the National Council for Scientific and Technological Development,Government
The Robert O. Fehr Professorship from SUNY Purchase,University
The Royal Society,Government
the São Paulo Research Foundation,Government
The Sportfish Restoration Fund,NGO
The State of São Paulo Research,Government
The Wildlife Conservation Society,NGO
Third World Academy of Science through the Conselho Nacional de Desenvolvimento Cienti´fico e Tecnolo´gico,Government
Tomlinson Funds,NGO
Topic unrelated,
TROPI-DRY Research Network,Intergovernmental organization
TWAS,Intergovernmental organization
U. Comahue,University
U.S. Army Engineers Waterways Experiment Station,Government
U.S. Coast Guard Pollution Removal Funding Authority,Government
U.S. Department of the Interior Bureau of Ocean Energy Management,Government
U.S. EPA for Gulf of Mexico Alliance Regional Partnership,Government
U.S. EPA STAR Graduate Fellowship,Government
U.S. EPA Water and Watershed program,Government
U.S. National Oceanic and Atmospheric Administration (NOAA),Government
U.S. National Science Foundation,Government
U.S. Ocean Carbon and Biochemistry,NGO
U.S. Scholar Fulbright Grant,NGO
U.S.Geological Survey Cooperative Grant Program,Government
UABC,University
"UABC, Mexico",University
UB,University
UBA,University
"UBACyT (Universidad de Buenos Aires, Cientia y Tecnologia)",University
UC Davis Faculty Research Grants,University
UCLA,University
UCLA Council on Research,University
UFPR,University
UFRGS,University
UGC-RFSMS,University
UGC-UPE,University
UK Natural and Environmental Research Council (NERC),Government
UNAM,University
UNAM-PAPIIT,University
UNDP,University
UNESP,University
UNISINOS,University
United Nations Environment Program,Intergovernmental organization
United States Department of the Interior,Government
Universidad Autónoma de Baja California (UABC),University
"Universidad Catolica del Norte, Chile",University
"Universidad Catolica del Norte,Chile",University
Universidad de Bogotá Jorge Tadeo Lozano,University
Universidad de Buenos Aires,University
Universidad de Concepcion (Chile),University
Universidad de Guadalajara,University
Universidad de los Andes,University
Universidad Nacional,University
"Universidad Nacional Autónoma de Mexico, Dirección General de Intercambio Académico",University
Universidad Nacional de General Sarimiento,University
Universidad Nacional de La Plata,University
Universidad Nacional de Mar del Plata,University
Universidad Nacional del Comahue,University
Universidad Nacional del Litoral,University
"Universidad Nacional del Litoral, CAI + D Project",University
Universidad Nacional del Sur,University
Universidad Tecnológica de Pereira,University
Universidade Estadual de Goiás,University
Universidade Estadual de Maringá and Nupélia,University
Universite Paul Sabatier,University
University of Adelaide,University
University of Arizona,University
University of Buenos Aires,University
University of Buenos Aires ,University
"University of Buenos Aires, Argentina",University
"University of California at Berkeley, Energy Biosciences Institute (EBI) to Lawrence Berkeley National Laboratory",University
University of California Berkeley,University
University of California Pacific Rim Research Program,University
University of Geneva,University
University of Louisiana at Lafayette Graduate Student Association,University
University of Luxembourg,University
University of Mar del Plata,University
University of Mar del Plata (UNMdP),University
University of Miami,University
University of Michigan,University
University of Missouri Research Board,University
University of North Texas Beth Baird Scholarship,University
University of Pittsburgh.,University
University of Queensland,University
University of Texas Department of Geography ,University
University of Turin,University
University of Victoria,University
"University Research Expedition Program, UREP",University
UNL,University
UNNE,University
UNSAM,University
UPC’s Center for Development Cooperation,University
US Agency for International Development (USAID /Mexico),Government
US Department of Energy,Government
US Department of the Interior,Government
US Forest Service,Government
US Geological Survey,Government
US Geological Survey California Water Science Center&#10;,Government
US Geological Survey Coastal,Government
US Geological Survey Groundwater Resources Program,Government
US National Science Foundation,Government
US National Science Grant,Government
US Office of Naval Research,Government
US State Department,Government
US-AID SANREM CRSP,Government
USAID,Government
USAID Climate Change Resilient Development (CCRD),Government
USDA-Agricultural Research Service via the Arundo Biological Control Program&#10;,Government
USDA/CREES,Government
USEPA,Government
USGS,Government
USGS Energy Resources and Mineral Resources Programs,Government
USP,Government
UWM,University
Variability of Tropical Climate Fund of the University of Wisconsin Foundation,University
VCP,
Venezuelan National Science Foundation,Government
versity and Genetic Resource Studies,
Vicerectoria de Investigacion y Extension,University
Vicerrectoria de Investigacion,University
Vicerrectoría de Investigación Sede Bogotá of the Universidad Nacional de Colombia,University
VODNÍ ZDROJE A. S.,Industry
Vrije Universiteit Amsterdam,University
Wadsworth Endowed Chair in Conservation Science,University
Wageningen,University
Wageningen Univesity and Research Center,University
Walton Family Foundation,NGO
Water Science and Technology chair of Tecnologico de Monterrey,University
WEDSP-TRIF,Intergovernmental organization
Wes Tunnell,University
Wildlife Conservation Commission,NGO
Wildlife Conservation Society,NGO
WIMEK,University
Wisconsin Geological Society,NGO
Wolfgang Christian Pfeiffer,NGO
Woods Hole Oceanographic Institution (USA),NGO
World Bank,Intergovernmental organization
World Wide Fund for Nature,NGO
World Wildlife Fund,NGO
WOTRO,Government
WOTRO-DGIS,Government
"WWF–Brazil,",NGO
Yale Institute for Biospheric Studies Center for Field Ecology Pilot Grant,University
Young and Sports,NGO